kind,unit_id,source_line,status,original,replacement
logical_unit,1,546,kept (no change per map),ANTAEUS,ANTAEUS
logical_unit,2,551,kept (no change per map),Why Antaeus,Why Antaeus
logical_unit,3,552,applied exactly,The rooms,Product areas
logical_unit,4,553,kept (no change per map),Compare,Compare
logical_unit,5,554,kept (no change per map),Questions,Questions
logical_unit,6,555,kept (no change per map),Sign in,Sign in
logical_unit,7,563,kept (no change per map),Antaeus,Antaeus
logical_unit,8,565,applied exactly,Handoff,Sales handoff
logical_unit,9,566,applied exactly,Rooms,Product areas
logical_unit,10,567,applied exactly,What it sees,Activity monitoring
logical_unit,11,568,applied exactly,Pace,Revenue plan
logical_unit,12,569,kept (no change per map),Compare,Compare
logical_unit,13,572,kept (no change per map),Explore,Explore
logical_unit,14,573,kept (no change per map),Create workspace,Create workspace
logical_unit,15,581,kept (no change per map),Antaeus,Antaeus
logical_unit,16,585,applied exactly,You built it. They can run it.,Turn the sales process you built into a system your first hire can use.
logical_unit,17,586,applied exactly,Private beta. Set up your workspace in an afternoon. After that it reads your whole way of selling back to you every morning.,"Private beta. Set up your workspace in an afternoon. Each morning, Antaeus reviews your accounts, deals, calls, and sales activity and tells you what needs attention."
logical_unit,18,590,applied exactly,Where your whole motion stands,How ready your sales process is to hand off
logical_unit,19,599,applied exactly,The most valuable move on your board · #1 of 12,Highest-priority action · #1 of 12
logical_unit,20,600,kept (no change per map),Reach out to Chomps.,Reach out to Chomps.
logical_unit,21,601,applied exactly,"They announced two plants this month — a few hundred production hires on a deadline, and no recruiting team to absorb it. Nobody has called them. Reaching out is the part of your motion furthest behind.","Chomps announced two plants this month, creating several hundred production hires on a deadline, and appears to have limited recruiting capacity. Your workspace shows no outreach to Chomps. Antaeus ranks outreach as your least-completed sales activity."
logical_unit,22,602,kept (no change per map),Compose it →,Compose it →
logical_unit,23,603,applied exactly,"· clearly the top one · then: Warby Parker, Sweetgreen","Ranked #1 · Next: Warby Parker, Sweetgreen"
logical_unit,24,605,kept (no change per map),"A morning in a sample workspace. The companies are real and public; the people, deals and numbers are invented.","A morning in a sample workspace. The companies are real and public; the people, deals and numbers are invented."
logical_unit,25,612,applied exactly,Free while we're in beta. No card. Bring one afternoon and what's in your head.,Free while we're in beta. No card. Spend one afternoon entering the sales knowledge only you know.
logical_unit,26,613,kept (no change per map),Create workspace,Create workspace
logical_unit,27,626,kept (no change per map),Get the highlights.,Get the highlights.
logical_unit,28,627,kept (no change per map),Take the tour,Take the tour
logical_unit,29,633,applied exactly,"Every account you watch, sorted by what just moved.","Every account you follow, ranked by recent activity and company changes."
logical_unit,30,634,applied exactly,"Act now, reach while they’re warm, emerging, going cold.","See which accounts need action now, which have new signals, and which have had no recent activity."
logical_unit,31,637,applied exactly,"Act now — hot, and something just moved",High priority · recent company change
logical_unit,32,649,applied exactly,"One thing to do first, and why it came up first.","Your highest-priority action, with the reason it ranks first."
logical_unit,33,650,applied exactly,"Not a list of fourteen. The single most valuable one, with its reason shown.",Not a fourteen-item task list. Antaeus ranks one action first and shows the evidence behind the ranking.
logical_unit,34,653,kept (no change per map),#1 of 12,#1 of 12
logical_unit,35,654,kept (no change per map),Reach out to Chomps.,Reach out to Chomps.
logical_unit,36,655,applied exactly,"Two plants announced, a few hundred hires, no recruiting bench. Running hot , and outreach is your weakest part.","Two plants announced, several hundred hires planned, no apparent recruiting bench. Antaeus ranks Chomps highly because the account has a recent hiring trigger and outreach is your least-completed activity."
logical_unit,37,656,kept (no change per map),Compose it →,Compose it →
logical_unit,38,657,applied exactly,"· then: Warby Parker, Sweetgreen","Next: Warby Parker, Sweetgreen"
logical_unit,39,663,applied exactly,"The deals that will slip this week, and the smallest fix.","Deals at risk this week, with the next corrective action for each."
logical_unit,40,664,applied exactly,Where a deal says it is matters less than what it is actually stuck on.,Pipeline stage alone does not show deal risk. Antaeus also tracks unresolved blockers and buyer activity.
logical_unit,41,667,kept (no change per map),If you do nothing this week,If you do nothing this week
logical_unit,42,668,applied exactly,3 will slip.,3 deals are at risk.
logical_unit,43,679,applied exactly,"A console you run the discovery call from, live.",A live discovery-call console.
logical_unit,44,680,applied exactly,They say something. You tap what you heard. It hands you the next line.,Select the buyer response you heard. Antaeus shows the recommended follow-up question.
logical_unit,45,683,applied exactly,Pain & consequence · live,Problem and business impact · live
logical_unit,46,684,kept (no change per map),Walk me through what happens the week a new store opens.,Walk me through what happens the week a new store opens.
logical_unit,47,685,applied exactly,Listen for whether this is really theirs to fix — and who flinches when you name the cost.,Listen for whether the buyer owns the problem and who is accountable for its cost.
logical_unit,48,691,applied exactly,Tap what you heard to get your next line,Select the response to see the recommended follow-up
logical_unit,49,694,kept (no change per map),Discovery Studio,Discovery Studio
logical_unit,50,698,applied exactly,A pilot that gives their boss something to act on.,A pilot plan the buyer's manager can use to make a decision.
logical_unit,51,699,applied exactly,"Walked through, one step at a time, with the people you need to pull in.",Antaeus walks you through the pilot steps and identifies which stakeholders still need to participate.
logical_unit,52,702,applied exactly,Who is hands-on,Active pilot participants
logical_unit,53,709,kept (no change per map),Someone from IT — nobody named yet. Ask the champion for an intro.,Someone from IT — nobody named yet. Ask the champion for an intro.
logical_unit,54,712,kept (no change per map),5 of 7 using it day to day,5 of 7 using it day to day
logical_unit,55,718,applied exactly,Everything a first hire opens on day one.,What a new hire gets on day one.
logical_unit,56,719,applied exactly,Written like a document a sharp operator left for their replacement.,A structured operating guide with the context and decisions behind your sales process.
logical_unit,57,733,kept (no change per map),"Who hits, who misses, and why","Who hits, who misses, and why"
logical_unit,58,735,applied exactly,"One thing to notice — every deal you won was mid-market , but your stated target is enterprise.","Pattern: every deal you won was mid-market, while your stated target is enterprise."
logical_unit,59,743,applied exactly,"One question, answered honestly: could someone else run this?",Can a new hire execute your sales process without you?
logical_unit,60,744,applied exactly,"Five states, and what it takes to reach the next one.","Five readiness states, with explicit requirements for each."
logical_unit,61,747,applied exactly,Could a hire run this on Monday?,Could a new hire execute this process on Monday?
logical_unit,62,749,applied exactly,"Hire-ready, repeatable",Hire-ready and repeatable
logical_unit,63,750,kept (no change per map),Hire-ready,Hire-ready
logical_unit,64,751,applied exactly,"Inheritable, with you there",Usable with founder support
logical_unit,65,752,applied exactly,Building,Partially documented
logical_unit,66,753,applied exactly,You are the system,Founder-dependent
logical_unit,67,755,applied exactly,Left “you are the system” behind 3 weeks ago,Changed from Founder-dependent 3 weeks ago
logical_unit,68,915,applied exactly,The handoff,Sales handoff
logical_unit,69,916,applied exactly,One motion. Two people who run it.,"One sales process, usable by both founder and first hire."
logical_unit,70,917,applied exactly,"Your motion is the whole way you win revenue — who you go after, how you reach them, what you say on the call, how a deal gets to signed. In a founder-led company all of that lives in one head. Antaeus is where it stops doing that. The accounts you watch, where every deal actually stands , the questions that won a second meeting, what the pilot showed — it all piles up as you work, inside the rooms you already work in. Nothing gets filed away for later. So when the first serious hire starts, they open the same workspace you've been living in and read it themselves. You don't sit next to them for a month explaining what you meant.","Your sales process includes who you target, how you reach them, what you ask on calls, how you qualify opportunities, and how you advance a deal to signature. In a founder-led company, much of that knowledge is undocumented. Antaeus records it as you work: account priorities, actual deal status, discovery questions that worked, pilot results, and the reasoning behind decisions. When your first go-to-market hire starts, they use the same workspace and can read that context directly instead of relying on you to explain it from memory."
logical_unit,71,925,applied exactly,The most valuable move on your board,Highest-priority action
logical_unit,72,926,kept (no change per map),Reach out to Chomps.,Reach out to Chomps.
logical_unit,73,927,applied exactly,"Two plants announced this month, a few hundred production hires, no recruiting bench. The account is running hot , and outreach is the part of your motion furthest behind.","Two plants announced this month, several hundred production hires planned, no apparent recruiting bench. Antaeus ranks Chomps highly because the account has a recent hiring trigger and outreach is your least-completed activity."
logical_unit,74,928,kept (no change per map),Compose it →,Compose it →
logical_unit,75,936,applied exactly,If a hire started Monday · 5 of 7 parts ready,If a hire started Monday · 5 of 7 readiness areas complete
logical_unit,76,948,kept (no change per map),"Who hits, who misses, and why","Who hits, who misses, and why"
logical_unit,77,949,applied exactly,Every deal you closed came through someone who already owned the number. The ones that stalled went in through a team that had to go ask.,Every deal you closed involved a stakeholder directly accountable for the relevant business metric. Stalled deals entered through teams that needed approval from another decision-maker.
logical_unit,78,950,applied exactly,"One thing to notice — every deal you won was mid-market , but the target you wrote down says enterprise.","Pattern: every deal you won was mid-market, while your stated target is enterprise."
logical_unit,79,957,kept (no change per map),What you see every morning,What you see every morning
logical_unit,80,961,applied exactly,What they read on day one,What a new hire sees on day one
logical_unit,81,973,kept (no change per map),Take a closer look.,Take a closer look.
logical_unit,82,978,applied exactly,Watching · 28 accounts,Tracked accounts · 28
logical_unit,83,985,applied exactly,Four need something today · three going cold,Four need action today · three have had no recent activity
logical_unit,84,1011,kept (no change per map),While you were out,While you were out
logical_unit,85,1012,applied exactly,It keeps reading when you stop.,Antaeus continues reviewing workspace activity when you're away.
logical_unit,86,1027,applied exactly,Your work inside your own deals and accounts,Updates from your deals and accounts
logical_unit,87,1031,kept (no change per map),Warby Parker has sat at proposal for three weeks with no next step. Open the deal →,Warby Parker has sat at proposal for three weeks with no next step. Open the deal →
logical_unit,88,1035,applied exactly,Liquid Death has gone quiet — their people team is three deep and mid-launch. Open the account →,Liquid Death has had no recent buyer activity for 14 days; its people team is three people and mid-launch. Open the account →
logical_unit,89,1039,kept (no change per map),The Notion pilot is eight days in and two of the four recruiters have not touched it. Open the pilot →,The Notion pilot is eight days in and two of the four recruiters have not touched it. Open the pilot →
logical_unit,90,1043,applied exactly,No discovery calls logged this week — the rhythm is slipping . Pick up a call →,No discovery calls logged this week — below your planned weekly activity. Review a call →
logical_unit,91,1054,kept (no change per map),Good morning,Good morning
logical_unit,92,1055,kept (no change per map),7:41 AM · Chicago,7:41 AM · Chicago
logical_unit,93,1057,kept (no change per map),7-day forecast ↗,7-day forecast ↗
logical_unit,94,1058,kept (no change per map),78°,78°
logical_unit,95,1074,applied exactly,"Every half hour the system goes back over your workspace on its own and writes down what it noticed — a deal that has not moved in three weeks , an account you watched that has gone quiet, a pilot where half the people you enrolled never signed in. Not charts. Plain sentences, the way a colleague would say them to you. In the morning you get the short version and the one thing worth doing first , and the reason it came up first is right there next to it.","Every 30 minutes, Antaeus reviews workspace data for changes and risks: deals without recent progress, accounts without recent engagement, and pilots with low participant adoption. It summarizes those findings in plain language. Each morning, it also ranks the highest-priority action and shows why it ranked first."
logical_unit,96,1079,applied exactly,Every 30 minutes the system re-reads your whole workspace on its own,Every 30 minutes Antaeus reviews the latest workspace data
logical_unit,97,1080,applied exactly,One ranked move with the plain reason it came up ahead of the other thirteen,One ranked action with the evidence behind its priority
logical_unit,98,1081,applied exactly,"22 rooms, one motion the work carries between them — you never restate anything",22 product areas share the same account and deal context; you enter information once
logical_unit,99,1091,applied exactly,A spreadsheet and what you remember,Spreadsheet + undocumented founder knowledge
logical_unit,100,1092,applied exactly,You are the system,Founder-dependent
logical_unit,101,1098,kept (no change per map),#1 of 12,#1 of 12
logical_unit,102,1099,kept (no change per map),Reach out to Chomps.,Reach out to Chomps.
logical_unit,103,1110,applied exactly,"The same motion, six weeks in",Six weeks later
logical_unit,104,1111,applied exactly,Someone else could run it,A new hire can execute the process
logical_unit,105,1125,applied exactly,However the week goes,For different kinds of sales days
logical_unit,106,1126,applied exactly,The work changes shape. The system keeps up.,Antaeus supports the same workflow whether you have one call or several deals at risk.
logical_unit,107,1127,applied exactly,Some mornings you have an hour and one call. Some weeks you are three deals behind and cannot tell which one is worth saving. The rooms hold their shape either way.,"Some mornings you have an hour and one call. Other weeks, several deals need attention at once. The same tools and account context remain available in either case."
logical_unit,108,1133,applied exactly,Whatever shape your week takes.,For common sales situations.
logical_unit,109,1139,applied exactly,"Monday, and it's all yours. Open one room and read the state of the whole motion in a sentence, then the single thing worth doing before lunch.","Starting the week. Open any product area to see the current state of your accounts and deals, then the highest-priority action for the day."
logical_unit,110,1143,applied exactly,"A call you're walking into cold. The shape of it, the pushback you're likely to get, and a line ready for each one — read before you dial, not during.","Preparing for a cold call. Review the call structure, likely objections, and recommended responses before you dial."
logical_unit,111,1147,applied exactly,"The deal that went quiet. The system noticed before you did, says how long it's been, and names the smallest thing that would move it.",A deal with no recent buyer activity. Antaeus shows how long activity has been stalled and recommends the smallest next action that could restore progress.
logical_unit,112,1151,applied exactly,"What you learned on the call. Captured while you're still in it, then carried into the deal — so nobody has to ask you what happened later.",What you learned on the call. Capture it during the call and attach it to the deal so the next person sees the same context.
logical_unit,113,1155,applied exactly,"The week you're behind. It says so plainly — how far, which assumption was optimistic, and what it costs if you're wrong about it.","A week behind plan. Antaeus shows the activity gap, which planning assumption is too optimistic, and the projected impact."
logical_unit,114,1159,applied exactly,"The day someone else takes it. They open the workspace and read it. You are in the room to answer questions, not to be the only copy.","A new hire takes over. They can read the workflow, deal context, and documented reasoning in the workspace; you only need to answer exceptions and questions."
logical_unit,115,1168,kept (no change per map),Reaching out,Reaching out
logical_unit,116,1169,applied exactly,The part most founders make up as they go.,Standardize outreach instead of improvising it.
logical_unit,117,1170,applied exactly,"Outreach that could have gone to anyone gets treated like it went to nobody. Antaeus will not let a line leave without the account, the person, and the thing that just happened to them attached to it. Same on the call: whatever the buyer says, there is a next line ready , and what you learn is captured while you are still in the room.","Antaeus requires every outreach draft to reference a specific account, contact, and recent trigger. During a live call, it shows the next recommended question based on the buyer response you select, and it records the result with the deal."
logical_unit,118,1178,kept (no change per map),Outbound,Outbound
logical_unit,119,1179,kept (no change per map),Cold call,Cold call
logical_unit,120,1180,kept (no change per map),LinkedIn,LinkedIn
logical_unit,121,1181,kept (no change per map),Discovery,Discovery
logical_unit,122,1188,kept (no change per map),"Writing to Lena, Head of People at Chomps","Writing to Lena, Head of People at Chomps"
logical_unit,123,1189,applied exactly,"Lena — saw the two plants going up. That is a few hundred production hires on a deadline , and from the outside it looks like the people team absorbing all of it. Usually the screening is what gives first. Worth twenty minutes to compare notes on how you are staffing the openings?","Lena — I saw Chomps announce two new plants. That creates several hundred production hires on a deadline, and from the outside it appears the people team will absorb most of the load. Screening is often the first bottleneck. Worth twenty minutes next week to compare how you are staffing the openings?"
logical_unit,124,1193,kept (no change per map),Copy the message,Copy the message
logical_unit,125,1195,applied exactly,"Outbound. Pick the account, the person, and what just happened to them. The line comes out naming all three. There is no send path for a message that could have gone to anyone.","Outbound. Select an account, contact, and recent trigger. Antaeus uses all three in the draft and blocks generic messages that could apply to any prospect."
logical_unit,126,1199,applied exactly,Before you dial · the shape of it,Before you dial · call structure
logical_unit,127,1204,kept (no change per map),They will probably say,They will probably say
logical_unit,128,1205,kept (no change per map),“We are too small for something like this.”,“We are too small for something like this.”
logical_unit,129,1206,applied exactly,Small teams feel a bad hire hardest. Ask what one wrong store manager cost them last year — nobody argues with a number they said out loud.,Small teams feel a bad hire hardest. Ask what one unsuccessful store-manager hire cost last year. Their answer gives you a concrete financial impact to discuss.
logical_unit,130,1207,applied exactly,Read before you dial · log what happened after · never during,Review before you dial · log the outcome after the call
logical_unit,131,1209,applied exactly,"Cold call. The shape of the call, and at every step the pushback a buyer actually gives, with a line ready for it. You read it before you dial and log what happened after — never while you're talking.","Cold call. Review the call structure, likely buyer objections, and recommended responses before you dial. Log the outcome after the call, not while speaking."
logical_unit,132,1213,applied exactly,Gymshark · one move,Gymshark · recommended LinkedIn action
logical_unit,133,1215,kept (no change per map),Ask — only once it is warranted,Ask — only once it is warranted
logical_unit,134,1216,kept (no change per map),"Connect, now she knows your name","Connect, now she knows your name"
logical_unit,135,1217,kept (no change per map),Give her something before you ask,Give her something before you ask
logical_unit,136,1218,kept (no change per map),Say something useful on her post,Say something useful on her post
logical_unit,137,1219,kept (no change per map),Watch what she posts,Watch what she posts
logical_unit,138,1221,kept (no change per map),Poppy accepted last week. Give her something today — do not ask yet.,Poppy accepted last week. Give her something today — do not ask yet.
logical_unit,139,1223,applied exactly,"LinkedIn. One account, one move. Watch what they post, say something useful about it, connect once they know your name, give something before you ask. The inbox is never the opening.","LinkedIn. For each account, Antaeus recommends the next relationship-building action: follow relevant posts, contribute something useful, connect after familiarity exists, and offer value before asking for time. Do not begin with a direct message."
logical_unit,140,1227,applied exactly,Pain & consequence · live,Problem and business impact · live
logical_unit,141,1228,kept (no change per map),Walk me through what happens the week a new store opens.,Walk me through what happens the week a new store opens.
logical_unit,142,1229,applied exactly,Listen for whether this pain is really theirs to fix — and who flinches when you name the cost.,Listen for whether the buyer owns the problem and who is accountable for its cost.
logical_unit,143,1235,applied exactly,They hired around it. Ask what that cost and who signed it off — you have just found your economic buyer.,They added recruiters instead of changing the underlying process. Ask what the added headcount cost and who approved the expense; that identifies the budget owner.
logical_unit,144,1237,applied exactly,"Discovery. A console you run the live call from. It shows the question, what to listen for, and the moment they answer you tap what you heard — it hands you the exact next line and jumps you to where the conversation went.",Discovery. Use the console during the call. It shows the current question and what evidence to listen for. Select the buyer response you heard; Antaeus shows the recommended follow-up and moves to the relevant branch of the call flow.
logical_unit,145,1243,applied exactly,Everything between finding them and signing.,Workflows from prospecting through signature.
logical_unit,146,1247,applied exactly,Describe who you are after,Describe your target companies
logical_unit,147,1248,kept (no change per map),“Fast-casual brands that just announced new market openings”,“Fast-casual brands that just announced new market openings”
logical_unit,148,1250,applied exactly,"Finding them. Describe who you’re after in plain words and keep the search. Add the companies it turns up, and each one answers three questions — are they who we’re targeting, what’s our way in, how will we reach out — before it reaches the accounts you watch.","Prospecting. Describe your target companies in plain language and save the search. Before a company is added to your tracked accounts, Antaeus records whether it fits your target, the likely reason to engage, and the intended outreach channel."
logical_unit,149,1252,applied exactly,How is this market cut?,Segment the market by
logical_unit,150,1255,kept (no change per map),247 of a 300 seat budget spent,247 of a 300 seat budget spent
logical_unit,151,1256,applied exactly,"Carving the market. Cut it by geography, industry, size, named accounts, or a live trigger — and blend them. Every division says why you're the right team to win it.","Market segmentation. Segment by geography, industry, company size, named accounts, recent trigger, or a combination. For each segment, document why your team is positioned to win."
logical_unit,152,1258,applied exactly,Too broad to hunt,Target definition is too broad
logical_unit,153,1259,kept (no change per map),“Companies that are hiring”,“Companies that are hiring”
logical_unit,154,1260,applied exactly,Sharper — growth consumer brands whose expansion news dates the hiring need .,More specific — growth-stage consumer brands whose announced expansion creates a dated hiring need.
logical_unit,155,1261,applied exactly,"Who you sell to. One sharp definition, pushed on until it's a target you can actually hunt. Every other room works against it from then on.","Ideal customer profile. Refine the definition until it identifies a specific, searchable target. Antaeus uses that target definition across the rest of the workspace."
logical_unit,156,1263,applied exactly,Who is hands-on,Active pilot participants
logical_unit,157,1265,kept (no change per map),A hiring manager — nobody named yet.,A hiring manager — nobody named yet.
logical_unit,158,1266,applied exactly,"Running the pilot. Walked through step by step: what it has to show, who needs to be hands-on, who's still missing, and a write-up the champion can defend without you.","Pilot planning. Antaeus guides the pilot step by step: success criteria, participating stakeholders, missing stakeholders, and a summary the champion can share internally."
logical_unit,159,1268,applied exactly,The one thing blocking,Current blocker
logical_unit,160,1271,kept (no change per map),Your papers already answer 36 of their 40 questions,Your papers already answer 36 of their 40 questions
logical_unit,161,1272,applied exactly,"The run to a signature. After they say yes, security, legal and finance can still kill it. It leads with the one front actually blocking, their ask against your line, and what you can trade.","Contracting. After verbal approval, security, legal, and finance can still block signature. Antaeus shows the current blocking issue, the buyer's request, your position, and available trade-offs."
logical_unit,162,1274,applied exactly,The relay,Referral path
logical_unit,163,1276,applied exactly,One Chicago operator to another. All he has to do is change a couple of lines and hit send .,One Chicago operator to another. The draft is nearly complete; Rafael only needs to personalize it and send.
logical_unit,164,1277,applied exactly,"Calling in a favor. Your investors, advisors and happy customers, matched to the deal they can actually move. It writes both notes — yours to them, and the one they forward.","Warm introduction. Antaeus matches investors, advisors, and customers to deals where they have a relevant connection, then drafts your request and the message they can forward."
logical_unit,165,1279,kept (no change per map),Written 45 days early,Written 45 days early
logical_unit,166,1280,applied exactly,Warby Parker dies in 20 days.,Warby Parker is projected to be lost within 20 days.
logical_unit,167,1282,applied exactly,"The autopsy, early. It writes the story of how the deal dies before it does, names the pattern, and routes you to the room where the fix happens.","Deal risk analysis. Antaeus projects how the deal is likely to fail, identifies the recurring risk pattern, and links to the workflow where you can address it."
logical_unit,168,1284,applied exactly,Projected landing,Projected revenue
logical_unit,169,1285,kept (no change per map),$580k against $800k,$580k against $800k
logical_unit,170,1286,kept (no change per map),One assumption is optimistic — you have never won at 28% .,One assumption is optimistic — you have never won at 28% .
logical_unit,171,1287,applied exactly,"Your number, backwards. The annual figure worked down to what you do daily — plus whether the plan is even real, and which assumption in it is the optimistic one.","Revenue target plan. Antaeus converts the annual target into required daily activity, checks the plan against benchmark assumptions, and identifies the assumption creating the largest risk."
logical_unit,172,1293,applied exactly,10 frameworks discovery question sets tuned to what you actually sell,10 discovery frameworks tuned to what you sell
logical_unit,173,1294,applied exactly,6 buyer lenses the questions change depending on who is in the room,6 buyer-role views that change the questions by stakeholder
logical_unit,174,1295,applied exactly,"Every branch answered whatever they say back, there is a next line and somewhere to go",Recommended follow-up for each buyer response
logical_unit,175,1365,kept (no change per map),Pace,Pace
logical_unit,176,1366,applied exactly,Do you have enough going to hit the number?,Is your current pipeline and activity enough to hit the revenue target?
logical_unit,177,1367,applied exactly,"Give it your number and Antaeus works backwards to the only thing you control — what you do every working day . Then it does the part most planning tools skip: it tells you whether the plan is realistic for deals your size, names the one assumption that's optimistic , and says what it costs you if that assumption is wrong.","Enter your revenue target. Antaeus converts it into required daily activity using your deal size, win-rate, and sales-cycle assumptions. It compares those assumptions with benchmarks for similar deal sizes, identifies which assumption makes the plan unrealistic, and shows the projected impact if that assumption is wrong."
logical_unit,178,1373,kept (no change per map),Show the benchmark for,Show the benchmark for
logical_unit,179,1375,kept (no change per map),Deals around $15k,Deals around $15k
logical_unit,180,1376,kept (no change per map),Deals around $60k,Deals around $60k
logical_unit,181,1377,kept (no change per map),Deals around $150k,Deals around $150k
logical_unit,182,1378,kept (no change per map),Deals above $400k,Deals above $400k
logical_unit,183,1382,"applied (separator ""·"" dropped at hook boundary)",1 in 5 closes how often deals this size are won — the band is 15 to 25%,20% win-rate benchmark · typical range 15–25%
logical_unit,184,1383,"applied (separator ""·"" dropped at hook boundary)",3.5× in flight enough going at once that a couple of slips do not sink the quarter,3.5× pipeline coverage · enough active pipeline to absorb normal deal slippage
logical_unit,185,1384,"applied (separator ""·"" dropped at hook boundary)",90 days how long one usually takes to close — the range is 60 to 120 days,90-day sales-cycle benchmark · typical range 60–120 days
logical_unit,186,1386,applied exactly,These are the benchmark reads for that deal size. Antaeus checks your plan against them and says plainly when it's a stretch.,These are benchmark ranges for the selected deal size. Antaeus compares your planning assumptions with them and flags assumptions outside the typical range.
logical_unit,187,1395,applied exactly,All of it,Product coverage
logical_unit,188,1396,applied exactly,Twenty-two rooms. Here are three.,Twenty-two product areas. Here are three.
logical_unit,189,1397,applied exactly,They are not tabs. Work done in one shows up in the next without you retyping it — the account you added this morning is the account the call is about this afternoon. We are not going to lay the whole thing out on a marketing page. You will see it when you are inside.,"These are connected workflows, not separate tabs. Data entered in one workflow is available in the others, so an account added during prospecting is the same account used in call preparation later that day. This page shows three; the full workspace contains twenty-two."
logical_unit,190,1403,kept (no change per map),Discovery Studio,Discovery Studio
logical_unit,191,1404,applied exactly,"You run the call from it, while you are on the call.",Run the discovery call from this workspace.
logical_unit,192,1405,applied exactly,"Ten frameworks, six buyer lenses, and a next line ready for whatever they say back. Not notes you write afterwards.","Ten discovery frameworks, six buyer-role views, and recommended follow-up questions based on the response you select. Use it during the call, not only for notes afterward."
logical_unit,193,1407,kept (no change per map),They just said,They just said
logical_unit,194,1408,kept (no change per map),“We just hired two more recruiters.”,“We just hired two more recruiters.”
logical_unit,195,1409,applied exactly,They hired around it. Ask what that cost and who signed it off.,They added recruiters instead of changing the process. Ask what the added headcount cost and who approved it.
logical_unit,196,1414,kept (no change per map),Future Autopsy,Future Autopsy
logical_unit,197,1415,applied exactly,It writes how the deal dies before it does.,Projects deal-loss risk before the deal is lost.
logical_unit,198,1416,applied exactly,"The pattern, the days you have left, and the smallest thing that would change the ending.","Shows the recurring risk pattern, estimated time remaining, and the smallest corrective action."
logical_unit,199,1418,kept (no change per map),45 days early,45 days early
logical_unit,200,1419,applied exactly,Warby Parker dies in 20 days.,Warby Parker is projected to be lost within 20 days.
logical_unit,201,1425,kept (no change per map),The Briefing,The Briefing
logical_unit,202,1426,applied exactly,What the system saw while you were out.,Workspace changes detected while you were away.
logical_unit,203,1427,applied exactly,"Written the way a colleague would say it, every morning, whether or not you opened anything yesterday.","A plain-language summary of account, deal, and pilot changes, generated each morning whether or not you used Antaeus the previous day."
logical_unit,204,1429,kept (no change per map),This morning,This morning
logical_unit,205,1436,applied exactly,"The other nineteen do the rest of it — who you go after and how you carve the market , finding real companies and confirming them, the line you send and the call you walk into, the pilot, the run through security and legal to a signature, your number worked back to a daily habit, and the handoff itself.","The other nineteen cover market segmentation, account discovery and qualification, outreach, call preparation, pilots, security and legal, revenue planning, and the handoff to your first hire."
logical_unit,206,1445,kept (no change per map),Getting around,Getting around
logical_unit,207,1446,applied exactly,Touch the ground. The map comes up.,Open the Ground to see the workspace map.
logical_unit,208,1447,applied exactly,"There is no menu bar down the side of the screen. Every room stands on a quiet line at the foot of the page — press it, or press G, and the whole motion rises up as a map with you-are-here lit and the system's suggestion glowing. It's the myth the product is named after: Antaeus was unbeatable while he was touching the earth.","Antaeus does not use a permanent left-side navigation bar. A thin control at the bottom of every product area opens the workspace map; press the control or G to see all twenty-two areas, your current location, and Antaeus's recommended next area. The control is called the Ground, after the Antaeus myth."
logical_unit,209,1455,applied exactly,The ground · your whole motion,The Ground · workspace map
logical_unit,210,1467,applied exactly,Twenty-two of them. Press the line and they come up.,Twenty-two product areas. Open the Ground to view them.
logical_unit,211,1470,kept (no change per map),The Ground,The Ground
logical_unit,212,1471,applied exactly,"One line, every room. Press it and the map of your whole motion rises from beneath the page, with you-are-here lit and the system's suggestion glowing. Summoned, then gone — it never sits there taking up the screen.",The Ground is the navigation map for all twenty-two product areas. Open it from the bottom of any page or press G to see your current location and Antaeus's recommended next area. Close it when you're done; it does not remain on screen.
logical_unit,213,1478,kept (no change per map),15 / 27 today,15 / 27 today
logical_unit,214,1480,kept (no change per map),messages and calls,messages and calls
logical_unit,215,1483,applied exactly,Gymshark — Poppy replied after 12 quiet days. 28m,Gymshark — Poppy replied after 12 days without a response. 28m
logical_unit,216,1484,applied exactly,Captured your send to Lena at Chomps — counted.,Email to Lena at Chomps captured and counted.
logical_unit,217,1485,applied exactly,Calendar — Thursday with Notion confirmed.,Calendar · Thursday meeting with Notion confirmed.
logical_unit,218,1486,applied exactly,Still no dated next step on Warby Parker .,Warby Parker still has no dated next step.
logical_unit,219,1491,kept (no change per map),The Live Edge,The Live Edge
logical_unit,220,1492,applied exactly,"A hairline down the left margin carrying today's count against your daily number, and a running list of what moved — tagged by whether it was you, the system, or the buyer. Switch it off and it folds to the wall in three beats you can see.","The Live Edge is a collapsible activity panel on the left side of the workspace. It shows today's message-and-call count against your daily target and a chronological list of recent actions, labeled by actor: you, Antaeus, or the buyer. Turn it off to collapse the panel."
logical_unit,221,1501,kept (no change per map),Your workspace,Your workspace
logical_unit,222,1502,applied exactly,"It's yours, and you can take it.",You own the workspace data and can export it.
logical_unit,223,1505,applied exactly,"Saved as you work. Your workspace lives in the cloud, not trapped on one laptop. Close the lid mid-sentence and open it somewhere else.",Saved automatically. Your workspace is stored in the cloud and syncs across devices. Close one device mid-edit and continue from another.
logical_unit,224,1506,applied exactly,"Nothing sold, nothing shared. Your accounts, deals and calls are your commercial position. They are not a dataset we resell or train a public model on.","Your data is not sold or used to train public models. Your accounts, deals, and calls are not a dataset Antaeus resells."
logical_unit,225,1507,applied exactly,"Take a full copy, any time. One button downloads everything in your workspace as a plain file. No ticket, no export queue, no waiting on us.",Export a full copy at any time. One button downloads everything in your workspace as a plain file. No support ticket or export queue is required.
logical_unit,226,1508,applied exactly,"Delete it and mean it. Type the words and it's gone — the accounts, the deals, the pilot results, all of it. Not archived somewhere we can still read.","Delete the workspace. Type the confirmation phrase and Antaeus deletes the accounts, deals, pilot results, and other workspace data instead of archiving them for continued access."
logical_unit,227,1509,applied exactly,Read-only for a hire. Share the workspace with someone who is starting Monday without handing them your logins or the ability to change anything.,Give a new hire read-only access. They can view the workspace without receiving your login credentials or permission to change data.
logical_unit,228,1510,applied exactly,"An offline copy too. If you want a version that never leaves the machine you're on, the app will hand you one. It's tucked away, because most people never need it.","Create an offline copy. If you need a copy stored only on the current device, Antaeus can create one. The option is secondary because most users will not need it."
logical_unit,229,1609,kept (no change per map),Why founders start here.,Why founders start here.
logical_unit,230,1613,kept (no change per map),One afternoon,One afternoon
logical_unit,231,1614,applied exactly,Set it up once. It pays you back every morning.,Set it up once. Get a prioritized briefing every morning.
logical_unit,232,1615,applied exactly,"The setup asks for the thinking only you have — who you really sell to, who you're chasing, where each deal is genuinely stuck. Nothing you'd have to look up. Everything a tool can find, it finds.","Setup asks for information only you know: your actual target customer, the accounts you are pursuing, and the current blocker in each deal. Antaeus looks up public company information itself, so you only enter context it cannot retrieve."
logical_unit,233,1616,kept (no change per map),Create workspace ›,Create workspace ›
logical_unit,234,1619,kept (no change per map),Free in beta,Free in beta
logical_unit,235,1620,kept (no change per map),"No card, no seat count, no call with anyone.","No card, no seat count, no call with anyone."
logical_unit,236,1621,kept (no change per map),"We are building, not launching. While that's true it costs nothing, and we'd rather have your honest reaction than your credit card.","We are building, not launching. While that's true it costs nothing, and we'd rather have your honest reaction than your credit card."
logical_unit,237,1622,kept (no change per map),Create workspace ›,Create workspace ›
logical_unit,238,1625,applied exactly,Yours to take,Exportable
logical_unit,239,1626,kept (no change per map),Download the whole workspace whenever you want.,Download the whole workspace whenever you want.
logical_unit,240,1627,applied exactly,"One button, one file, everything in it. If you leave, you leave with the thing you built — not with a support ticket.","One button exports the entire workspace to a single file. If you leave, you keep a complete copy without opening a support ticket."
logical_unit,241,1628,kept (no change per map),How your data works ›,How your data works ›
logical_unit,242,1631,applied exactly,Built for the handoff,For the first sales hire
logical_unit,243,1632,applied exactly,The point is the day you stop being the only one who knows.,Designed for the point when the founder is no longer the only person who understands the sales process.
logical_unit,244,1633,applied exactly,Every other tool is built to report on the motion. This one is built so the motion survives leaving your head.,"Most sales tools record activity for reporting. Antaeus also documents the reasoning, account context, and sales process a new hire needs to execute the work without relying on undocumented founder knowledge."
logical_unit,245,1634,kept (no change per map),Why Antaeus ›,Why Antaeus ›
logical_unit,246,1643,applied exactly,Keep looking. Then come back.,Compare Antaeus with a CRM and a spreadsheet.
logical_unit,247,1644,applied exactly,"Most founders have already tried the other two. Here is the honest difference, without pretending either one is useless.",A CRM and a spreadsheet solve different problems. This comparison shows what each is designed to do.
logical_unit,248,1654,kept (no change per map),What it's for,What it's for
logical_unit,249,1655,applied exactly,"Telling you what to do next, and why that one",Rank the next sales action and show why it ranks first
logical_unit,250,1656,kept (no change per map),Storing what you already did,Storing what you already did
logical_unit,251,1657,applied exactly,Whatever you decided it was for,Flexible manual tracking
logical_unit,252,1659,kept (no change per map),Who it's built for,Who it's built for
logical_unit,253,1660,applied exactly,"A founder selling, and the first hire who takes over",Founder-led sales teams preparing for the first go-to-market hire
logical_unit,254,1661,kept (no change per map),A sales team big enough to need reporting,A sales team big enough to need reporting
logical_unit,255,1662,applied exactly,"You, this quarter",An individual founder or small team needing lightweight tracking
logical_unit,256,1664,kept (no change per map),On opening it,On opening it
logical_unit,257,1665,applied exactly,"One ranked thing to do, with its reason shown","Highest-priority action, with the evidence behind the ranking"
logical_unit,258,1666,applied exactly,"A list of everything, sorted how you last sorted it",Full activity list using the user's last sort
logical_unit,259,1667,applied exactly,Whatever you typed last,Last-entered data
logical_unit,260,1669,applied exactly,Runs the live call,Provides live call guidance
logical_unit,261,1670,applied exactly,"Yes — question, what to listen for, the next line","Yes — current question, evidence to listen for, and recommended follow-up"
logical_unit,262,1671,kept (no change per map),No — you log it afterwards,No — you log it afterwards
logical_unit,263,1672,kept (no change per map),No,No
logical_unit,264,1674,applied exactly,Says when the plan isn't real,Flags unrealistic planning assumptions
logical_unit,265,1675,applied exactly,Yes — names the optimistic assumption and its cost,Yes — identifies the assumption outside the benchmark range and shows its projected impact
logical_unit,266,1676,applied exactly,No — it reports the forecast you entered,No — reports the forecast entered by the user
logical_unit,267,1677,kept (no change per map),No,No
logical_unit,268,1679,applied exactly,A hire can inherit it,Supports handoff to a new hire
logical_unit,269,1680,applied exactly,Yes — seven parts written as prose they read on day one,Yes — seven documented areas a new hire can read on day one
logical_unit,270,1681,kept (no change per map),"Partly — they inherit the records, not the reasoning","Partly — they inherit the records, not the reasoning"
logical_unit,271,1682,applied exactly,No — the reasoning was never written down,No — reasoning remains undocumented unless you write it separately
logical_unit,272,1684,kept (no change per map),Setup cost,Setup cost
logical_unit,273,1685,applied exactly,An afternoon of real thinking,About one afternoon of founder input
logical_unit,274,1686,kept (no change per map),"Weeks, and usually someone to configure it","Weeks, and usually someone to configure it"
logical_unit,275,1687,kept (no change per map),Ten minutes,Ten minutes
logical_unit,276,1689,applied exactly,"If you have a twelve-person sales team and a forecasting problem, buy a CRM. This is for the stretch before that, when the motion is still one person's and the first hire starts in six weeks.","If you already have a twelve-person sales team and mainly need forecasting and reporting, use a CRM. Antaeus is designed for founder-led sales before that point, when the process still depends heavily on the founder and the first sales hire is approaching."
logical_unit,277,1698,applied exactly,Where we're honest with you.,Current beta limitations.
logical_unit,278,1701,applied exactly,"It is beta, and it reads like beta.",The product is still in beta.
logical_unit,279,1702,applied exactly,"Some rooms are deeper than others. When something is thin, the app says so in plain words rather than showing you a confident empty state. You will find rough edges; we would rather you find them than not be told.","Some product areas are more complete than others. When data or functionality is limited, the interface states that directly instead of presenting a confident result. Expect rough edges while the beta is active."
logical_unit,280,1705,applied exactly,"Models are under the hood, not on the label.",Antaeus uses language models for analysis and drafting.
logical_unit,281,1706,applied exactly,"Antaeus uses language models to read your workspace and draft what it hands you. It is not the pitch. Every line the system writes goes through the same voice rules the rest of the product does, and you can see what it based a read on.","Antaeus uses language models to analyze workspace data and draft text. Model branding is not part of the product pitch. Generated text follows the same writing rules as the rest of Antaeus, and the interface shows the source data behind each analysis."
logical_unit,282,1715,kept (no change per map),Questions? Answers.,Questions? Answers.
logical_unit,283,1718,kept (no change per map),Is this a CRM?,Is this a CRM?
logical_unit,284,1719,applied exactly,"No. A CRM stores what already happened so somebody can report on it. Antaeus ranks what should happen next and shows the reason it came up first. It also has none of the things a CRM is really bought for — territories, quotas across a team, admin roles, forecasting rollups. If those are your problem, this is not your tool.","No. A CRM primarily stores activity and pipeline data for reporting. Antaeus ranks next actions and shows the evidence behind each ranking. It does not include team territories, multi-rep quotas, admin-role management, or forecast rollups. If those are your primary needs, use a CRM."
logical_unit,285,1722,kept (no change per map),What does setup actually involve?,What does setup actually involve?
logical_unit,286,1723,applied exactly,"An afternoon. It asks for three things only you know: who you really sell to , the companies you're chasing , and where each live deal genuinely stands — who your champion is, who signs, what it's stuck on. Ten live deals is the floor where the picture gets useful; fewer is allowed and the app tells you plainly that it stays thin.","About one afternoon. Setup asks for three categories of founder context: your actual target customer, the companies you are pursuing, and the current status of each active deal — including the champion, signer, and unresolved blocker. Antaeus is most useful with at least ten active deals; with fewer, the interface indicates that the analysis is based on limited data."
logical_unit,287,1723,applied exactly,"Everything the app can look up — what a company does, how big it is, what just happened to them — it looks up itself. You are never typing something a tool could have found.","Antaeus looks up public company information such as company description, size, and recent events. You enter the private sales context the system cannot retrieve."
logical_unit,288,1726,kept (no change per map),Why does it ask for so much up front?,Why does it ask for so much up front?
logical_unit,289,1727,applied exactly,"Because the part that matters cannot be imported. Why a deal is stuck, what made a win winnable, who actually decides — that lives in your head and nowhere else. We could hide that behind a friendly three-field form and give you something shallow, or ask for it once and give you a system that reads your motion back to you every morning afterwards. We chose the second and we say so up front instead of apologising for it.","Because the most important deal context is not available from external systems: why a deal is blocked, why a previous win succeeded, and who actually makes the decision. Antaeus asks you to enter that context once during setup, then uses it in later account, deal, and action recommendations. We prefer asking for the information explicitly rather than producing shallow recommendations from incomplete data."
logical_unit,290,1730,kept (no change per map),Do I need a sales team for this to make sense?,Do I need a sales team for this to make sense?
logical_unit,291,1731,applied exactly,"The opposite. It is aimed at the stretch when the founder is still the one selling and the first serious go-to-market hire hasn't started yet or just did. If you already have a sales org, you have different problems and better-suited tools.",No. Antaeus is designed for the period when the founder is still selling and the first serious go-to-market hire has not started yet or has just started. An established sales organization has different needs and better-suited tools.
logical_unit,292,1734,kept (no change per map),How is it different from the tools I already turned down?,How is it different from the tools I already turned down?
logical_unit,293,1735,applied exactly,"Most of them are a prettier database or a chat box bolted to one. The test to apply: open it on a Monday and see whether it tells you the single thing to do first and why that one and not the other thirteen . If it shows you a list and lets you choose, it is a database. Antaeus ranks, shows its reasoning, and lets you disagree with it.","Many alternatives are databases with chat interfaces. A useful test is whether the product ranks one next action and explains the evidence for that ranking, or only shows a list for you to sort yourself. Antaeus ranks actions, exposes the reasoning, and lets you disagree with the recommendation."
logical_unit,294,1738,kept (no change per map),Does it send emails or make calls for me?,Does it send emails or make calls for me?
logical_unit,295,1739,applied exactly,"No. It writes the line with you and you send it from wherever you already send mail. It can count what you sent — point it at your calendar and meetings get logged without you typing them twice. It never dials, and it will never take an action toward a buyer on its own.","No. Antaeus drafts outreach and call language, but you send messages through your existing email tools. It can record sent outreach and calendar meetings without duplicate data entry. It does not place calls or contact buyers autonomously."
logical_unit,296,1742,kept (no change per map),"What does ""ready to hand off"" actually mean?","What does ""ready to hand off"" actually mean?"
logical_unit,297,1743,applied exactly,"It is one question answered honestly: could a person who starts Monday run this motion without you sitting next to them. Antaeus answers it with a state, not a score — from you are the system , through building and inheritable with you there to answer questions , up to hire-ready , and then hire-ready and repeatable once you have won and lost enough to see the pattern. Each state has conditions you can read, and the app says what it would take to reach the next one.","Ready to hand off means a new hire can execute the sales process without constant founder guidance. Antaeus reports one of five readiness states: Founder-dependent, Partially documented, Usable with founder support, Hire-ready, and Hire-ready and repeatable. Each state has explicit conditions, and Antaeus shows which requirements remain before the workspace reaches the next state."
logical_unit,298,1746,kept (no change per map),Is it using AI?,Is it using AI?
logical_unit,299,1747,applied exactly,"Yes, under the hood — to read your workspace, notice what moved, and draft what it hands you. It is not what we are selling. You are not buying a model; you are buying a system that ranks your revenue work and survives leaving your head. If the interesting part of a tool is which model it runs, it usually has nothing else.","Yes. Antaeus uses language models to analyze workspace data, detect changes, and draft text. The product value is the workflow and ranking system, not a particular model. The system documents enough of your sales process that another person can use the workspace without relying on undocumented founder knowledge."
logical_unit,300,1750,kept (no change per map),What happens to what I put in?,What happens to what I put in?
logical_unit,301,1751,applied exactly,"It stays yours. Download the whole workspace as one file whenever you want, put a copy back, or delete everything behind a type-the-words confirmation. We do not sell it and we do not train public models on your accounts and deals.","It stays yours. You can export the full workspace as one file, restore a copy, or delete the workspace after a typed confirmation. Antaeus does not sell your workspace data or use your accounts and deals to train public models."
logical_unit,302,1754,kept (no change per map),What will it cost?,What will it cost?
logical_unit,303,1755,kept (no change per map),"Nothing while we're in beta, and no card to start. When there is a price it will be posted plainly on this page before it applies to anyone already using it.","Nothing while we're in beta, and no card to start. When there is a price it will be posted plainly on this page before it applies to anyone already using it."
logical_unit,304,1765,applied exactly,Do the hard part once. It plays back every morning.,Document the sales process once. Get a prioritized briefing every morning.
logical_unit,305,1766,applied exactly,"One afternoon, and the workspace is awake. Tomorrow it hands you the first move.","Setup takes about one afternoon. The next morning, Antaeus ranks your highest-priority action and shows why."
logical_unit,306,1769,kept (no change per map),Create workspace,Create workspace
logical_unit,307,1772,kept (no change per map),Already have one? Sign in,Already have one? Sign in
logical_unit,308,1782,kept (no change per map),Antaeus,Antaeus
logical_unit,309,1787,kept (no change per map),The product,The product
logical_unit,310,1789,kept (no change per map),Take a closer look,Take a closer look
logical_unit,311,1790,applied exactly,Every room,Every product area
logical_unit,312,1791,applied exactly,What it sees,Activity monitoring
logical_unit,313,1792,applied exactly,Pace and your number,Revenue plan and targets
logical_unit,314,1793,kept (no change per map),How it compares,How it compares
logical_unit,315,1797,kept (no change per map),Getting started,Getting started
logical_unit,316,1799,kept (no change per map),Create a workspace,Create a workspace
logical_unit,317,1800,kept (no change per map),Sign in,Sign in
logical_unit,318,1801,kept (no change per map),Questions,Questions
logical_unit,319,1802,kept (no change per map),Why Antaeus,Why Antaeus
logical_unit,320,1806,kept (no change per map),Your workspace,Your workspace
logical_unit,321,1808,kept (no change per map),How your data works,How your data works
logical_unit,322,1809,kept (no change per map),Taking a copy,Taking a copy
logical_unit,323,1810,applied exactly,Where we're honest,Beta limitations
logical_unit,324,1811,kept (no change per map),Privacy,Privacy
logical_unit,325,1815,kept (no change per map),Company,Company
logical_unit,326,1817,kept (no change per map),Contact,Contact
logical_unit,327,1818,kept (no change per map),Terms,Terms
logical_unit,328,1819,kept (no change per map),Privacy policy,Privacy policy
logical_unit,329,1825,kept (no change per map),ANTAEUS,ANTAEUS
logical_unit,330,1830,kept (no change per map),Privacy,Privacy
logical_unit,331,1831,kept (no change per map),Terms,Terms
logical_unit,332,1832,kept (no change per map),Contact,Contact
logical_unit,333,1836,applied exactly,"Antaeus is in private beta; what you see here is the product as it stands today, not a roadmap. Screens throughout this page are real rooms from the app shown with sample data. Benchmark figures in Pace are typical reads for the deal size selected, not a promise about your motion. Photography via Unsplash.","Antaeus is in private beta; what you see here is the product as it stands today, not a roadmap. Screens throughout this page show real product areas with sample data. Benchmark figures in Pace are typical ranges for the selected deal size, not a promise about your results. Photography via Unsplash."
standalone_leaf,,592,applied exactly,You are the system,Founder-dependent
standalone_leaf,,593,applied exactly,Building,Partially documented
standalone_leaf,,594,applied exactly,Inheritable,Usable with founder support
standalone_leaf,,596,applied exactly,Repeatable,Hire-ready and repeatable
standalone_leaf,,671,applied exactly,champion went quiet,no champion activity
standalone_leaf,,730,applied exactly,The week to run,Weekly operating plan
standalone_leaf,,930,applied exactly,3 will slip,3 deals are at risk
standalone_leaf,,930,applied exactly,this week if nothing changes,this week without a corrective action
standalone_leaf,,931,applied exactly,quiet 14 days — your worst open deal,no buyer activity for 14 days — highest-risk open deal
standalone_leaf,,945,applied exactly,The week to run,Weekly operating plan
standalone_leaf,,1023,applied exactly,after I mark a deal quiet — want me to just take you there?,after I flag a deal with no recent activity — open that account automatically?
standalone_leaf,,1064,applied exactly,Every deal you have won rode a dated expansion event. None of the cold ones landed.,Every deal you have won followed a dated expansion event. None of the deals without a dated trigger closed.
standalone_leaf,,1067,applied exactly,Every deal you have won rode a dated expansion event. None of the cold ones landed.,Every deal you have won followed a dated expansion event. None of the deals without a dated trigger closed.
standalone_leaf,,1102,applied exactly,You are the system,Founder-dependent
standalone_leaf,,1103,applied exactly,Building,Partially documented
standalone_leaf,,1104,applied exactly,Inheritable,Usable with founder support
standalone_leaf,,1106,applied exactly,Repeatable,Hire-ready and repeatable
standalone_leaf,,1191,applied exactly,Two plants announced · no recruiting bench,Two plants announced · limited recruiting capacity
standalone_leaf,,1192,applied exactly,The ask,Buyer request
standalone_leaf,,1201,applied exactly,Find the pain,Identify the problem
standalone_leaf,,1201,applied exactly,Show it is real,Confirm business impact
standalone_leaf,,1201,applied exactly,Ask for the meeting,Request the meeting
standalone_leaf,,1270,applied exactly,Your line,Your position
standalone_leaf,,1430,applied exactly,has not moved since the proposal.,has had no recorded progress since the proposal.
standalone_leaf,,1431,applied exactly,went quiet.,has had no recent buyer activity.
standalone_leaf,,1650,applied exactly,A revenue operating system built for the handoff,A revenue operating system for founder-led sales and the first go-to-market hire
standalone_leaf,,1651,applied exactly,"A record of what happened, for whoever asks",Activity and pipeline records for reporting
standalone_leaf,,1652,applied exactly,"Fast, free, and only in your head",Flexible manual tracking that depends on what you document
standalone_leaf,,2125,applied exactly (in JS),The week to run,Weekly operating plan
js_mirror,183-185,2223,"applied — map-exact split at "" · ""","mid: { a: ""1 in 5 closes"",  as: ""how often deals this size are won — the band is 15 to 25%"",
           b: ""3.5× in flight"", bs: ""enough going at once that a couple of slips do not sink the quarter"",
           c: ""90 days"",        cs: ""how long one usually takes to close — the range is 60 to 120 days"" },","mid: { a: ""20% win-rate benchmark"",  as: ""typical range 15–25%"",
           b: ""3.5× pipeline coverage"", bs: ""enough active pipeline to absorb normal deal slippage"",
           c: ""90-day sales-cycle benchmark"",        cs: ""typical range 60–120 days"" },"
js_mirror,183-185,2223,applied,.twoup{display:grid;grid-template-columns:1fr 1fr;,".twoup{display:grid;grid-template-columns:minmax(0,1fr) minmax(0,1fr);"
js_mirror,183-185,2223,applied,@media(max-width:420px){.twoup{grid-template-columns:1fr;gap:26px}},"@media(max-width:420px){.twoup{grid-template-columns:minmax(0,1fr);gap:26px}}"
